Pkts_Per_Sec,MBits_Per_Sec,Pkt_Size_Avg,Pkt_Size_Std,Pkt_Size_Q1,Pkt_Size_Q2,Pkt_Size_Q3,Pkt_Size_Min,Pkt_Size_Max,SYN_Sec,TTL_Avg,Anomaly
6058.6,242.344,5000.0,0.0,5000.0,5000.0,5000.0,5000.0,5000.0,0.0,64.0,1.0
473.0,0.20272,53.57293868921776,12.023787652972564,52.0,52.0,52.0,52.0,232.0,0.0,64.0,0.0
1212.0,0.552128,56.943894389438945,29.999947492638913,52.0,52.0,52.0,52.0,404.0,0.0,64.0,0.0
6752.2,270.088,5000.0,0.0,5000.0,5000.0,5000.0,5000.0,5000.0,0.0,64.0,1.0
2078.374963186774,0.8931278008075791,53.7155119159866,24.35673308128694,52.0,52.0,52.0,52.0,1960.0,0.0,64.0,0.0
2.136331946473328,0.0016407029348915155,96.0,0.0,96.0,96.0,96.0,96.0,96.0,0.0,64.0,0.0
476.0,0.206656,54.26890756302521,14.667513679588343,52.0,52.0,52.0,52.0,232.0,0.0,64.0,0.0
6562.6,262.504,5000.0,0.0,5000.0,5000.0,5000.0,5000.0,5000.0,0.0,64.0,1.0
1987.6071477304906,0.8557589793366579,53.818418060743866,27.11104218004824,52.0,52.0,52.0,52.0,1960.0,0.0,64.0,0.0
4949.738149268779,156.041699307936,3940.655409493427,2228.9431031552685,2948.0,2948.0,4396.0,52.0,21772.0,0.0,64.0,0.0
2.0,0.002336,146.0,132.93607486307093,99.0,146.0,193.0,52.0,240.0,0.0,64.0,0.0
6579.8,263.192,5000.0,0.0,5000.0,5000.0,5000.0,5000.0,5000.0,0.0,64.0,1.0
76.0,0.032192,52.94736842105263,8.258966419340222,52.0,52.0,52.0,52.0,124.0,0.0,64.0,0.0
2.0695760376765184,0.0015894343969355663,96.0,0.0,96.0,96.0,96.0,96.0,96.0,0.0,64.0,0.0
2.0926191247070256,0.0016071314877749959,96.0,0.0,96.0,96.0,96.0,96.0,96.0,0.0,64.0,0.0
1178.0504110139366,0.508346315369165,53.939363568028064,12.92675845702942,52.0,52.0,52.0,52.0,552.0,0.0,64.0,0.0
1918.0542797627756,0.8410129237467702,54.80898876404494,47.3134343300059,52.0,52.0,52.0,52.0,1960.0,0.0,64.0,0.0
2.045537103428225,0.001570972495432877,96.0,0.0,96.0,96.0,96.0,96.0,96.0,0.0,64.0,0.0
3789.9677408220987,120.91605391240239,3988.0304458137007,2158.7732512515076,2948.0,2948.0,4396.0,52.0,24668.0,0.0,64.0,0.0
6408.2,256.32800000000003,5000.0,0.0,5000.0,5000.0,5000.0,5000.0,5000.0,0.0,64.0,1.0
2162.0470930230895,70.0851281297683,4052.012115967114,2172.6142187641326,2948.0,2948.0,5844.0,52.0,13084.0,0.0,64.0,0.0
6088.0,243.51999999999998,5000.0,0.0,5000.0,5000.0,5000.0,5000.0,5000.0,0.0,64.0,1.0
4.0,0.00528,165.0,130.49137902558928,52.0,164.0,277.0,52.0,280.0,0.0,64.0,0.0
2558.5806499489277,1.1183207774088766,54.63579863269111,19.51890009891665,52.0,52.0,52.0,52.0,404.0,0.0,64.0,0.0
6090.4,243.61599999999999,5000.0,0.0,5000.0,5000.0,5000.0,5000.0,5000.0,0.0,64.0,1.0
6173.8,246.952,5000.0,0.0,5000.0,5000.0,5000.0,5000.0,5000.0,0.0,64.0,1.0
2.0,0.00064,40.0,0.0,40.0,40.0,40.0,40.0,40.0,0.0,106.0,0.0
4501.780803368556,120.2935704815244,3340.166251306375,2056.925119706075,1500.0,2948.0,4396.0,52.0,20324.0,0.0,64.0,0.0
982.0,25.71408,3273.1771894093686,1612.7246100492023,1500.0,2948.0,4396.0,52.0,8740.0,0.0,64.0,0.0
1.2471207393004775,0.0005986179548642291,60.0,0.0,60.0,60.0,60.0,60.0,60.0,1.2471207393004775,64.0,0.0
2542.0183191613337,1.1065354417889486,54.41224761482139,18.128368796647514,52.0,52.0,52.0,52.0,404.0,0.0,64.0,0.0
6790.8,271.632,5000.0,0.0,5000.0,5000.0,5000.0,5000.0,5000.0,0.0,64.0,1.0
9.69999516783034,0.016076571301606807,207.17241379310346,102.15606721563589,52.0,244.0,276.0,52.0,372.0,0.0,64.0,0.0
129.0,7.476928,7245.085271317829,532.8488885082676,7292.0,7292.0,7292.0,1240.0,7292.0,0.0,64.0,0.0
1708.2895364442613,0.7555035241126599,55.28216294683361,23.278165761095305,52.0,52.0,52.0,52.0,404.0,0.0,64.0,0.0
2239.944866001205,0.9915914747790585,55.335707690278326,23.420979882816003,52.0,52.0,52.0,52.0,404.0,0.0,64.0,0.0
2.0,0.000928,58.0,25.45584412271571,49.0,58.0,67.0,40.0,76.0,0.0,125.0,0.0
2112.894087688702,0.9067818394250952,53.6457225132984,25.624045446894346,52.0,52.0,52.0,52.0,1924.0,0.0,64.0,0.0
2048.8407289116794,0.8902265501498912,54.312820512820515,16.923177486956924,52.0,52.0,52.0,52.0,244.0,0.0,64.0,0.0
4.0,0.004576,143.0,105.1918881536658,52.0,140.0,231.0,52.0,240.0,0.0,64.0,0.0
2.977020261520513,0.002286351560847754,96.0,0.0,96.0,96.0,96.0,96.0,96.0,0.0,64.0,0.0
6695.6,267.82399999999996,5000.0,0.0,5000.0,5000.0,5000.0,5000.0,5000.0,0.0,64.0,1.0
363.0,0.155808,53.65289256198347,14.005549853284773,52.0,52.0,52.0,52.0,244.0,0.0,64.0,0.0
5039.827013068822,178.59849024114223,4429.678086619263,2201.5932147347476,2948.0,4396.0,4396.0,52.0,15980.0,0.0,64.0,0.0
6266.4,250.656,5000.0,0.0,5000.0,5000.0,5000.0,5000.0,5000.0,0.0,64.0,1.0
12.0,0.007552,78.66666666666667,51.06383408553603,52.0,58.0,96.0,40.0,228.0,0.0,64.0,0.0
2.025818027432116,0.0015558282450678649,96.0,0.0,96.0,96.0,96.0,96.0,96.0,0.0,64.0,0.0
6915.8,276.632,5000.0,0.0,5000.0,5000.0,5000.0,5000.0,5000.0,0.0,64.0,1.0
2734.7471535846134,78.60188771903236,3592.74017416947,1859.6377363488275,2948.0,2948.0,4396.0,52.0,17428.0,0.0,64.0,0.0
4982.339877572106,147.5035577210918,3700.6597639262786,1899.1915188751382,2948.0,2948.0,4396.0,52.0,23220.0,0.0,64.0,0.0
2.20289677277623,0.0016918247214921449,96.0,0.0,96.0,96.0,96.0,96.0,96.0,0.0,64.0,0.0
18.0,0.069536,482.8888888888889,939.850606957666,52.0,91.0,163.0,40.0,3733.0,2.0,113.0,0.0
205.99329081436383,0.4007467425812157,243.17948717948718,98.68612670276755,208.0,296.0,320.0,52.0,420.0,0.0,64.0,0.0
6644.2,265.768,5000.0,0.0,5000.0,5000.0,5000.0,5000.0,5000.0,0.0,64.0,1.0
461.0,0.199008,53.960954446854664,14.752692987770018,52.0,52.0,52.0,52.0,232.0,0.0,64.0,0.0
2446.5823749766364,52.93237299114475,2704.403780378038,2574.457535452651,1430.0,1430.0,2808.0,52.0,20722.0,0.0,64.0,0.0
2496.4839531669413,1.074281375136623,53.78971962616822,14.863178732712768,52.0,52.0,52.0,52.0,244.0,0.0,64.0,0.0
2.0,0.000832,52.0,0.0,52.0,52.0,52.0,52.0,52.0,0.0,52.0,0.0
2.0,0.00064,40.0,0.0,40.0,40.0,40.0,40.0,40.0,0.0,106.0,0.0
2.2032164943552566,0.001692070267664837,96.0,0.0,96.0,96.0,96.0,96.0,96.0,0.0,64.0,0.0
2.0,0.001328,83.0,0.0,83.0,83.0,83.0,83.0,83.0,0.0,128.0,0.0
36.0,0.043248,150.16666666666666,182.43159187565547,40.0,65.0,192.75,40.0,694.0,3.0,127.66666666666667,0.0
6793.4,271.736,5000.0,0.0,5000.0,5000.0,5000.0,5000.0,5000.0,0.0,64.0,1.0
2.0313274623603284,0.0015600594910927322,96.0,0.0,96.0,96.0,96.0,96.0,96.0,0.0,64.0,0.0
3913.1529796140962,80.36378041808591,2567.1044818828914,2442.2896301264914,1430.0,1430.0,2808.0,52.0,22100.0,0.0,64.0,0.0
1461.2020164478156,48.019260429914304,4107.856056981875,3773.1775640349156,1430.0,2692.0,5564.0,52.0,19344.0,0.0,64.0,0.0
2.0245879730647194,0.0015548835633137045,96.0,0.0,96.0,96.0,96.0,96.0,96.0,0.0,64.0,0.0
6690.6,267.62399999999997,5000.0,0.0,5000.0,5000.0,5000.0,5000.0,5000.0,0.0,64.0,1.0
6936.0,277.44,5000.0,0.0,5000.0,5000.0,5000.0,5000.0,5000.0,0.0,64.0,1.0
3668.6986696121035,115.22955545816747,3926.104520814694,1913.3489879544722,2948.0,2948.0,4396.0,52.0,20324.0,0.0,64.0,0.0
6482.6,259.304,5000.0,0.0,5000.0,5000.0,5000.0,5000.0,5000.0,0.0,64.0,1.0
950.0,40.27888,5299.852631578948,2385.338418611702,2948.0,4396.0,7292.0,52.0,13084.0,0.0,64.0,0.0
714.0,24.036768,4208.117647058823,2340.0574207234354,2948.0,2948.0,4396.0,52.0,14532.0,0.0,64.0,0.0
4128.690103404417,140.29145069886818,4247.456432464721,2359.319925268538,2948.0,2948.0,4396.0,52.0,23220.0,0.0,64.0,0.0
4966.754870830119,162.41872912190433,4087.647099210436,2481.5729209980536,2948.0,4396.0,4396.0,52.0,27564.0,0.0,64.0,0.0
2178.8561397834833,0.9680364401440337,55.53581661891118,24.124337749471813,52.0,52.0,52.0,52.0,404.0,0.0,64.0,0.0
2545.157749892799,1.113329729226279,54.67881751500333,20.05569663181874,52.0,52.0,52.0,52.0,404.0,0.0,64.0,0.0
2325.4098640800585,0.9950710342294221,53.489013356311936,17.48907924823753,52.0,52.0,52.0,52.0,1924.0,0.0,64.0,0.0
6729.8,269.192,5000.0,0.0,5000.0,5000.0,5000.0,5000.0,5000.0,0.0,64.0,1.0
402.0,0.171744,53.40298507462686,12.873518258963493,52.0,52.0,52.0,52.0,232.0,0.0,64.0,0.0
463.0,0.198304,53.5377969762419,12.154229712247751,52.0,52.0,52.0,52.0,232.0,0.0,64.0,0.0
1810.2209643421222,0.7808195625738472,53.917420715101464,36.18350669050601,52.0,52.0,52.0,52.0,2104.0,0.0,64.0,0.0
228.58886217069724,0.4402928218066132,240.7667731629393,100.65133991046565,152.0,296.0,320.0,52.0,420.0,0.0,64.0,0.0
28.0,0.048128,214.85714285714286,100.83419257144072,190.0,244.0,276.0,52.0,372.0,0.0,64.0,0.0
2571.0716604385057,59.59380172451732,2897.323061891699,2647.900636232251,1430.0,1430.0,4186.0,52.0,22100.0,0.0,64.0,0.0
6486.8,259.472,5000.0,0.0,5000.0,5000.0,5000.0,5000.0,5000.0,0.0,64.0,1.0
6.0,0.00192,40.0,0.0,40.0,40.0,40.0,40.0,40.0,0.0,127.66666666666667,0.0
39.0,0.079488,254.76923076923077,49.128436153274784,232.0,240.0,284.0,52.0,340.0,0.0,64.0,0.0
5057.310523796893,159.49089112478234,3942.0876564308946,2435.5083897135078,2948.0,2948.0,4396.0,52.0,30460.0,0.0,64.0,0.0
2559.9311434122233,1.104018356534741,53.908596300326444,15.01348188300826,52.0,52.0,52.0,52.0,244.0,0.0,64.0,0.0
1431.0,0.62928,54.9685534591195,50.43118682748932,52.0,52.0,52.0,52.0,1924.0,0.0,64.0,0.0
1.9968672996038768,0.0015335940860957773,96.0,0.0,96.0,96.0,96.0,96.0,96.0,0.0,64.0,0.0
2667.410823677911,56.114272650177604,2629.6227109106057,2487.8040903261176,1430.0,1430.0,2808.0,52.0,23478.0,0.0,64.0,0.0
160.75369215467967,0.09688854674294194,75.33928571428571,118.33859015741578,52.0,52.0,52.0,52.0,1332.0,0.9568672152064267,64.0,0.0
2.270917189795127,0.0017440644017626575,96.0,0.0,96.0,96.0,96.0,96.0,96.0,0.0,64.0,0.0
1687.628771810993,56.28551295312397,4168.979124236253,2302.2940897491794,2948.0,2948.0,4396.0,52.0,17428.0,0.0,64.0,0.0
120.5325049468455,1.4513795793800082,1505.1744548286604,756.1540811702367,1430.0,1430.0,1430.0,52.0,4186.0,0.37549066961634114,63.98753894080997,0.0
2680.0962530266092,56.466761959839104,2633.6163251633075,2512.3098637262983,1430.0,1430.0,2808.0,52.0,22100.0,0.0,64.0,0.0
6.0,0.011776,245.33333333333334,108.47795474964795,238.0,260.0,279.0,52.0,384.0,0.0,64.0,0.0
2581.689338930694,1.1166483212867542,54.06577703057686,15.768070318453159,52.0,52.0,52.0,52.0,244.0,0.0,64.0,0.0
248.30914578893362,3.070111305447229,1545.5085714285715,2448.162927113178,244.0,280.0,752.0,52.0,8740.0,0.0,64.0,0.0
183.37545432367304,2.2475620540926307,1532.0766773162939,636.6013680428692,1430.0,1430.0,1430.0,52.0,2808.0,0.0,63.99361022364217,0.0
1971.734799008057,0.8782788528268811,55.679321914179766,25.2346726778159,52.0,52.0,52.0,52.0,404.0,0.0,64.0,0.0
4921.487289084328,161.5257650036017,4102.564822270792,2088.099812796541,2948.0,4396.0,4396.0,52.0,18876.0,0.0,64.0,0.0
2541.1625135425643,1.0964374056221513,53.93384916248618,15.29025448440916,52.0,52.0,52.0,52.0,244.0,0.0,64.0,0.0
2223.09211036002,0.9688988022238209,54.47923174823556,18.566876009720488,52.0,52.0,52.0,52.0,404.0,0.0,64.0,0.0
6369.2,254.76799999999997,5000.0,0.0,5000.0,5000.0,5000.0,5000.0,5000.0,0.0,64.0,1.0
2806.6018307927247,87.20766504201391,3884.0415518337927,1862.531140094768,2948.0,2948.0,4396.0,52.0,18876.0,0.0,64.0,0.0
1296.3713003698751,0.5530022576869563,53.322132471728594,6.995377408163159,52.0,52.0,52.0,52.0,136.0,0.0,64.0,0.0
4014.6266601288917,91.44935022510151,2847.3802786360925,1703.472475268333,1500.0,2948.0,2948.0,52.0,13084.0,0.0,64.0,0.0
33.0,0.04188,158.63636363636363,188.1171207954333,40.0,78.0,198.0,40.0,694.0,0.0,127.66666666666667,0.0
2.0361667965571497,0.0015637760997558908,96.0,0.0,96.0,96.0,96.0,96.0,96.0,0.0,64.0,0.0
1.0000912033172864,0.0017921634363445775,224.0,0.0,224.0,224.0,224.0,224.0,224.0,0.0,64.0,0.0
6808.6,272.344,5000.0,0.0,5000.0,5000.0,5000.0,5000.0,5000.0,0.0,64.0,1.0
1710.6755022636107,0.7433387219540425,54.31616932685635,18.221673788417522,52.0,52.0,52.0,52.0,404.0,0.0,64.0,0.0
2801.993562124368,59.83746932329051,2669.4150074136837,2430.835796513278,1430.0,1430.0,2808.0,52.0,20722.0,0.0,64.0,0.0
27.0,0.062928,291.3333333333333,382.4460746301366,40.0,52.0,254.0,40.0,1009.0,3.0,127.66666666666667,0.0
6142.2,245.68800000000002,5000.0,0.0,5000.0,5000.0,5000.0,5000.0,5000.0,0.0,64.0,1.0
8.0,0.027456,429.0,839.2060874081271,71.5,86.5,209.0,40.0,2471.0,1.0,106.0,0.0
17.0,0.055248,406.2352941176471,669.5230139259372,78.0,91.0,509.0,40.0,2472.0,2.0,106.0,0.0
8.231493484580495,0.016067875281901126,244.0,91.22997912369097,214.0,224.0,302.0,52.0,404.0,0.0,64.0,0.0
437.0,0.191424,54.755148741418765,19.133212448858306,52.0,52.0,52.0,52.0,232.0,0.0,64.0,0.0
6786.6,271.464,5000.0,0.0,5000.0,5000.0,5000.0,5000.0,5000.0,0.0,64.0,1.0
6031.6,241.26399999999998,5000.0,0.0,5000.0,5000.0,5000.0,5000.0,5000.0,0.0,64.0,1.0
6953.6,278.144,5000.0,0.0,5000.0,5000.0,5000.0,5000.0,5000.0,0.0,64.0,1.0
2.9650015223059065,0.0022771211691309363,96.0,0.0,96.0,96.0,96.0,96.0,96.0,0.0,64.0,0.0
1097.680037028418,0.4853803120001881,55.27342846124181,23.175355927216476,52.0,52.0,52.0,52.0,404.0,0.0,64.0,0.0
2.0,0.001504,94.0,59.39696961966999,73.0,94.0,115.0,52.0,136.0,0.0,64.0,0.0
1363.2711514905354,0.5874398216519505,53.863076047790635,29.934175065167725,52.0,52.0,52.0,52.0,1996.0,0.0,64.0,0.0
4350.129416440151,146.95869668285417,4222.825421223766,2283.5084810570615,2948.0,4396.0,4396.0,52.0,26116.0,0.0,64.0,0.0
1.846222919317978,0.001417899202036207,96.0,0.0,96.0,96.0,96.0,96.0,96.0,0.0,64.0,0.0
113.31671710003683,1.393847127929135,1537.5568181818182,2474.2136123648456,244.0,280.0,470.0,52.0,8740.0,0.0,64.0,0.0
2097.798813210686,0.8962659019408091,53.40513925219265,20.53788497327733,52.0,52.0,52.0,52.0,1960.0,0.0,64.0,0.0
3799.172147825639,117.33548236617436,3860.5608603879787,1486.7313831723582,2948.0,4396.0,4396.0,52.0,15980.0,0.0,64.0,0.0
2094.0,0.903968,53.961795606494746,14.911699707751673,52.0,52.0,52.0,52.0,232.0,0.0,64.0,0.0
6176.4,247.05599999999998,5000.0,0.0,5000.0,5000.0,5000.0,5000.0,5000.0,0.0,64.0,1.0
2960.052130796082,66.00338370191955,2787.2559665092986,2389.4052600131363,1430.0,1430.0,4070.0,52.0,22100.0,0.03860366898975041,63.99997391689924,0.0
1030.9772361276694,42.50539970260102,5153.532761578044,3739.41671004625,2948.0,4396.0,5844.0,52.0,26116.0,0.0,64.0,0.0
6811.0,272.44,5000.0,0.0,5000.0,5000.0,5000.0,5000.0,5000.0,0.0,64.0,1.0
1733.2687959098328,52.78456125444123,3806.720672740014,1964.1864903484864,2948.0,2948.0,4396.0,52.0,14532.0,0.0,64.0,0.0
1554.0,0.681312,54.803088803088805,37.9475842889063,52.0,52.0,52.0,52.0,1276.0,0.0,64.0,0.0
2147.793718885287,0.918594747137099,53.461532354108776,22.36111080293689,52.0,52.0,52.0,52.0,1996.0,0.0,64.0,0.0
4.640124708090644,0.0019302918785657078,52.0,17.566201313073595,40.0,40.0,76.0,40.0,76.0,0.0,125.0,0.0
5177.995991878096,155.4016009155091,3751.489986648865,1986.532368471916,2948.0,2948.0,4396.0,52.0,17428.0,0.0,64.0,0.0
2.1130859890675526,0.0016228500396038804,96.0,0.0,96.0,96.0,96.0,96.0,96.0,0.0,64.0,0.0
4.0,0.01072,335.0,47.37087712930804,314.0,320.0,341.0,296.0,404.0,0.0,64.0,0.0
2953.6849049420025,59.0043361111098,2497.0645993918392,2259.839805706591,1430.0,1430.0,2808.0,52.0,20722.0,0.0,64.0,0.0
2.0,0.001216,76.0,0.0,76.0,76.0,76.0,76.0,76.0,0.0,64.0,0.0
2542.7502585262446,1.0994714512519128,54.049323540780826,15.912851543767394,52.0,52.0,52.0,52.0,244.0,0.0,64.0,0.0
1961.1120108395646,0.8415408815195358,53.63926670609107,31.273486818851794,52.0,52.0,52.0,52.0,2104.0,0.0,64.0,0.0
3.0,0.002208,92.0,69.2820323027551,52.0,52.0,112.0,52.0,172.0,0.0,64.0,0.0
6461.2,258.448,5000.0,0.0,5000.0,5000.0,5000.0,5000.0,5000.0,0.0,64.0,1.0
3787.9520017449377,79.13805383032765,2611.505300023348,2160.947865189613,1430.0,1430.0,2808.0,52.0,20722.0,0.0,64.0,0.0
1642.8477328167928,0.7047106079004379,53.619592508746656,23.39271772075583,52.0,52.0,52.0,52.0,1960.0,0.0,64.0,0.0
2907.653957311219,88.72050820265865,3814.093316519546,1783.3232557352771,2948.0,2948.0,4396.0,52.0,17428.0,0.0,64.0,0.0
3656.8496260747625,69.67216029726372,2381.56362106313,1999.6715846199459,1430.0,1430.0,2808.0,52.0,20722.0,0.0,64.0,0.0
2.0,0.00512,320.0,0.0,320.0,320.0,320.0,320.0,320.0,0.0,64.0,0.0
2133.716475228947,0.9173371625300993,53.74057268033172,26.876966198332124,52.0,52.0,52.0,52.0,1672.0,0.0,64.0,0.0
2532.4206632791042,1.0996523260887834,54.27871552079045,17.721018799574527,52.0,52.0,52.0,52.0,404.0,0.0,64.0,0.0
344.0,0.188008,68.31686046511628,90.0009469047904,52.0,52.0,52.0,52.0,1332.0,1.0,64.0,0.0
2574.563256503127,1.112038475182011,53.99160772089677,15.308261012299173,52.0,52.0,52.0,52.0,244.0,0.0,64.0,0.0
6653.2,266.12800000000004,5000.0,0.0,5000.0,5000.0,5000.0,5000.0,5000.0,0.0,64.0,1.0
906.8509648210943,0.3979323780850075,54.85085112131856,28.88188924331849,52.0,52.0,52.0,52.0,1960.0,0.0,64.0,0.0
897.4421910231268,0.3970237584864269,55.299349982894284,23.30406220576969,52.0,52.0,52.0,52.0,404.0,0.0,64.0,0.0
2845.1614625463535,58.77163945640267,2582.0871780947805,2284.6585164673975,1430.0,1430.0,2808.0,52.0,20722.0,0.0,64.0,0.0
2.1224032929406866,0.0016300057289784474,96.0,0.0,96.0,96.0,96.0,96.0,96.0,0.0,64.0,0.0
3107.198204496992,63.60553150947265,2558.79764193259,2403.512661778048,1430.0,1430.0,2808.0,52.0,22100.0,0.0,64.0,0.0
6120.8,244.83200000000002,5000.0,0.0,5000.0,5000.0,5000.0,5000.0,5000.0,0.0,64.0,1.0
2491.7925993414183,55.84177834718027,2801.285426099431,2711.0906768669224,1430.0,1430.0,4070.0,52.0,22100.0,0.0,64.0,0.0
282.61088108264016,3.2520214476103497,1438.3829787234042,2044.9367774097166,244.0,286.0,2948.0,52.0,7292.0,0.0,64.0,0.0
2.0,0.001792,112.0,84.8528137423857,82.0,112.0,142.0,52.0,172.0,0.0,64.0,0.0
2.0,0.000832,52.0,0.0,52.0,52.0,52.0,52.0,52.0,0.0,64.0,0.0
6022.6,240.904,5000.0,0.0,5000.0,5000.0,5000.0,5000.0,5000.0,0.0,64.0,1.0
1823.939835001052,52.86378225875432,3622.911598035512,2254.5631196770455,1500.0,2948.0,4396.0,52.0,14532.0,0.0,64.0,0.0
2.0,0.002336,146.0,132.93607486307093,99.0,146.0,193.0,52.0,240.0,0.0,64.0,0.0
1953.8401556530114,0.8500646052033802,54.38422142312302,18.227544482514336,52.0,52.0,52.0,52.0,404.0,0.0,64.0,0.0
2025.4579666790048,68.00561752657902,4196.928462929475,2419.0241896796615,2948.0,4396.0,4396.0,52.0,23220.0,0.0,64.0,0.0
6562.4,262.496,5000.0,0.0,5000.0,5000.0,5000.0,5000.0,5000.0,0.0,64.0,1.0
2.096219430624214,0.0016098965227193966,96.0,0.0,96.0,96.0,96.0,96.0,96.0,0.0,64.0,0.0
6.60788098970216,0.00592506662076627,112.08333333333333,122.77433721583627,52.0,70.5,104.0,52.0,492.0,0.5506567491418466,50.0,0.0
2.615295689698221,0.0020085470896882337,96.0,0.0,96.0,96.0,96.0,96.0,96.0,0.0,64.0,0.0
250.3661799163149,0.47023574378734345,234.77399380804954,104.59995519083853,152.0,296.0,320.0,52.0,420.0,0.0,64.0,0.0
3875.514824779619,120.96952420025592,3901.7243408149925,2066.7974955506697,2948.0,2948.0,4396.0,52.0,20324.0,0.0,64.0,0.0
2.0,0.0032,200.0,209.30360723121808,126.0,200.0,274.0,52.0,348.0,0.0,64.0,0.0
1891.0976156708618,0.8200984895880025,54.20783694560069,17.143246890833186,52.0,52.0,52.0,52.0,404.0,0.0,64.0,0.0
2165.4139491596698,0.9291618307627068,53.63650164459813,19.899285301406323,52.0,52.0,52.0,52.0,1924.0,0.0,64.0,0.0
822.0,36.863808,5605.810218978102,4211.700543654595,2948.0,2948.0,8740.0,52.0,23220.0,0.0,64.0,0.0
6022.2,240.888,5000.0,0.0,5000.0,5000.0,5000.0,5000.0,5000.0,0.0,64.0,1.0
2.1163073327073554,0.0016253240315192488,96.0,0.0,96.0,96.0,96.0,96.0,96.0,0.0,64.0,0.0
2.032217594777259,0.001560743112788935,96.0,0.0,96.0,96.0,96.0,96.0,96.0,0.0,64.0,0.0
2.0,0.001792,112.0,84.8528137423857,82.0,112.0,142.0,52.0,172.0,0.0,64.0,0.0
9.36893598964119,0.013132571418622766,175.21428571428572,341.32325724167396,52.0,52.0,96.25,52.0,1332.0,0.6692097135457993,64.0,0.0
350.0,0.208336,74.40571428571428,115.8581336401427,52.0,52.0,52.0,52.0,1332.0,2.0,64.0,0.0
6730.4,269.216,5000.0,0.0,5000.0,5000.0,5000.0,5000.0,5000.0,0.0,64.0,1.0
2133.0540713634523,0.9156283214070434,53.6571208917932,23.306232050924166,52.0,52.0,52.0,52.0,2032.0,0.0,64.0,0.0
3787.0354069817568,113.53788906777548,3747.5847485627437,2371.818865012076,1500.0,4396.0,4396.0,52.0,31908.0,0.0,64.0,0.0
5141.518031782366,147.45606347360936,3584.9349978476107,2068.4337843339877,1500.0,2948.0,4396.0,52.0,15980.0,0.0,64.0,0.0
1814.0,0.777088,53.54796030871003,9.589630806417308,52.0,52.0,52.0,52.0,160.0,0.0,64.0,0.0
6940.0,277.6,5000.0,0.0,5000.0,5000.0,5000.0,5000.0,5000.0,0.0,64.0,1.0
2224.466243032428,46.412603373174946,2608.0752808988764,2156.503164745515,1430.0,1430.0,2808.0,52.0,15210.0,0.0,64.0,0.0
3175.8810947191664,93.45757343352662,3678.411228498417,1971.295069466125,2948.0,2948.0,4396.0,52.0,21772.0,0.0,64.0,0.0
2.0,0.00736,460.0,0.0,460.0,460.0,460.0,460.0,460.0,0.0,64.0,0.0
2421.9144170385316,1.0354629489768306,53.44237918215613,16.8432375543399,52.0,52.0,52.0,52.0,1168.0,0.0,64.0,0.0
6764.0,270.56,5000.0,0.0,5000.0,5000.0,5000.0,5000.0,5000.0,0.0,64.0,1.0
2.0291431808043034,0.0015583819628577052,96.0,0.0,96.0,96.0,96.0,96.0,96.0,0.0,64.0,0.0
1944.0649091633418,0.84895366698873,54.58624754420432,19.929146637529566,52.0,52.0,52.0,52.0,404.0,0.0,64.0,0.0
1119.2689777581622,0.4978752432345819,55.60272520817563,34.35669407058925,52.0,52.0,52.0,52.0,1924.0,0.0,64.0,0.0
126.21034620470306,1.4458448155311745,1431.9792899408285,662.5531429444789,1430.0,1430.0,1430.0,52.0,4186.0,0.3734033911381747,63.985207100591715,0.0
6.0,0.00192,40.0,0.0,40.0,40.0,40.0,40.0,40.0,0.0,127.66666666666667,0.0
4.0,0.004576,143.0,105.1918881536658,52.0,140.0,231.0,52.0,240.0,0.0,64.0,0.0
1.9927627824363783,0.0008289893174935333,52.0,0.0,52.0,52.0,52.0,52.0,52.0,0.0,64.0,0.0
2190.731381381068,42.24965150310316,2410.7047001620745,1931.492280481935,1430.0,1430.0,2808.0,52.0,17966.0,0.0,64.0,0.0
5357.211117585671,144.30259977071765,3367.0177589470836,2060.0849248526524,1500.0,2948.0,4396.0,52.0,23220.0,0.0,64.0,0.0
66.0,0.028896,54.72727272727273,22.156468376279893,52.0,52.0,52.0,52.0,232.0,0.0,64.0,0.0
9.0,0.02032,282.22222222222223,75.289072543394,224.0,296.0,320.0,152.0,404.0,0.0,64.0,0.0
2.0,0.008224,514.0,0.0,514.0,514.0,514.0,514.0,514.0,0.0,64.0,0.0
6710.4,268.416,5000.0,0.0,5000.0,5000.0,5000.0,5000.0,5000.0,0.0,64.0,1.0
1183.3739558397708,40.28297048787105,4255.097288676236,1969.701773704368,2948.0,4396.0,4396.0,52.0,14532.0,0.0,64.0,0.0
2.0,0.001136,71.0,0.0,71.0,71.0,71.0,71.0,71.0,0.0,64.0,0.0
121.0,2.502368,2585.090909090909,2061.4726936505044,1430.0,1430.0,2808.0,600.0,11076.0,0.0,64.0,0.0
3903.373351177358,114.24958449725915,3658.6810374800084,2125.342467136995,1500.0,2948.0,4396.0,52.0,20324.0,0.0,64.0,0.0
2.116694523377904,0.0016256213939542304,96.0,0.0,96.0,96.0,96.0,96.0,96.0,0.0,64.0,0.0
2149.5623780341452,0.9269831870977661,53.90534351145038,32.16100447153737,52.0,52.0,52.0,52.0,2104.0,0.0,64.0,0.0
2427.6803859629167,1.0376156491905777,53.426289926289925,19.270456019114196,52.0,52.0,52.0,52.0,1960.0,0.0,64.0,0.0
6.0,0.004344,90.5,55.31997830802178,40.0,90.5,141.0,40.0,141.0,0.0,127.66666666666667,0.0
5.4219962623572275,0.0034621910678906513,79.81818181818181,14.526286070878097,76.0,76.0,76.0,76.0,144.0,0.0,64.0,0.0
2.0,0.001792,112.0,84.8528137423857,82.0,112.0,142.0,52.0,172.0,0.0,64.0,0.0
6886.4,275.456,5000.0,0.0,5000.0,5000.0,5000.0,5000.0,5000.0,0.0,64.0,1.0
2.0,0.003584,224.0,0.0,224.0,224.0,224.0,224.0,224.0,0.0,64.0,0.0
6184.8,247.392,5000.0,0.0,5000.0,5000.0,5000.0,5000.0,5000.0,0.0,64.0,1.0
4.949206096767378,0.0031476950775440526,79.5,12.033287165193059,76.0,76.0,76.0,76.0,124.0,0.0,64.0,0.0
1808.0554585318453,0.794509847130988,54.928476017000605,21.969619517213232,52.0,52.0,52.0,52.0,404.0,0.0,64.0,0.0
2.0,0.001792,112.0,84.8528137423857,82.0,112.0,142.0,52.0,172.0,0.0,64.0,0.0
17.0,0.055232,406.11764705882354,669.2736624835298,78.0,91.0,509.0,40.0,2471.0,2.0,105.0,0.0
1856.3730291790478,0.8062142108565657,54.28692120227458,39.65267081080941,52.0,52.0,52.0,52.0,1960.0,0.0,64.0,0.0
2.1551028702557318,0.0008965227940263844,52.0,0.0,52.0,52.0,52.0,52.0,52.0,0.0,64.0,0.0
2.0,0.003584,224.0,0.0,224.0,224.0,224.0,224.0,224.0,0.0,64.0,0.0
6910.0,276.4,5000.0,0.0,5000.0,5000.0,5000.0,5000.0,5000.0,0.0,64.0,1.0
2775.537251089267,85.75378296983844,3862.0353111899385,2282.3639620298577,2948.0,2948.0,4396.0,52.0,27564.0,0.0,64.0,0.0
89.59948879362275,1.0756680193399462,1500.6614906832299,780.6567171148835,1430.0,1430.0,1430.0,52.0,4186.0,0.2782592819677725,63.98757763975155,0.0
2.1414989636788615,0.0016446712041053657,96.0,0.0,96.0,96.0,96.0,96.0,96.0,0.0,64.0,0.0
3545.0423429600555,100.7853574662909,3553.743076808241,1612.6734184171553,2948.0,2948.0,4396.0,52.0,18876.0,0.0,64.0,0.0
2.2393806644145777,0.001719844350270396,96.0,0.0,96.0,96.0,96.0,96.0,96.0,0.0,64.0,0.0
2474.080204195988,1.060067604362546,53.55867215645908,18.088056736410405,52.0,52.0,52.0,52.0,1924.0,0.0,64.0,0.0
1081.2192394350272,0.48978292398296336,56.62391424875254,28.969451899284458,52.0,52.0,52.0,52.0,404.0,0.0,64.0,0.0
2.0,0.001152,72.0,0.0,72.0,72.0,72.0,72.0,72.0,0.0,64.0,0.0
2.101686078559013,0.001614094908333322,96.0,0.0,96.0,96.0,96.0,96.0,96.0,0.0,64.0,0.0
2.0311612885017762,0.001559931869569364,96.0,0.0,96.0,96.0,96.0,96.0,96.0,0.0,64.0,0.0
4340.755610820486,125.63329497960257,3617.840597453477,1864.399306702871,2948.0,2948.0,4396.0,52.0,20324.0,0.0,64.0,0.0
2063.631672203861,72.41863144923954,4386.601084430674,2473.7857379450575,2948.0,4396.0,4396.0,52.0,23220.0,0.0,64.0,0.0
2627.332244811183,1.154375360027632,54.921458939360036,20.600135548613345,52.0,52.0,52.0,52.0,404.0,0.0,64.0,0.0
23.060311165597724,0.041834952194573595,226.76923076923077,88.8388433117612,236.0,244.0,276.0,52.0,372.0,0.0,64.0,0.0
2584.285059417622,1.1373347541765002,55.01205981669079,21.52130482571834,52.0,52.0,52.0,52.0,404.0,0.0,64.0,0.0
329.0,4.30624,1636.109422492401,3079.0513327876547,244.0,276.0,368.0,52.0,11636.0,0.0,64.0,0.0
6802.2,272.088,5000.0,0.0,5000.0,5000.0,5000.0,5000.0,5000.0,0.0,64.0,1.0
6022.6,240.904,5000.0,0.0,5000.0,5000.0,5000.0,5000.0,5000.0,0.0,64.0,1.0
2630.0146918358096,54.102243471173054,2571.3850401254067,2385.4975018266555,1430.0,1430.0,2808.0,52.0,22100.0,0.0,64.0,0.0
971.6527285490005,0.4424790581529394,56.923508414074455,30.40272445180898,52.0,52.0,52.0,52.0,404.0,0.0,64.0,0.0
2.020421975509044,0.0015516840771909457,96.0,0.0,96.0,96.0,96.0,96.0,96.0,0.0,64.0,0.0
1673.6847642439895,41.77981564120645,3120.3468339570036,2688.4912061441846,1430.0,1430.0,4186.0,52.0,22100.0,0.0,64.0,0.0
6281.4,251.256,5000.0,0.0,5000.0,5000.0,5000.0,5000.0,5000.0,0.0,64.0,1.0
2.0,0.001584,99.0,0.0,99.0,99.0,99.0,99.0,99.0,0.0,64.0,0.0
1089.357824663934,0.4931139393868415,56.58309971966359,29.08547323627376,52.0,52.0,52.0,52.0,404.0,0.0,64.0,0.0
2490.8665741741165,1.085334893155027,54.4657281329333,18.56820779167924,52.0,52.0,52.0,52.0,404.0,0.0,64.0,0.0
1392.8738138651247,0.6098085180728486,54.725750459464976,20.532219434326095,52.0,52.0,52.0,52.0,404.0,0.0,64.0,0.0
6759.6,270.384,5000.0,0.0,5000.0,5000.0,5000.0,5000.0,5000.0,0.0,64.0,1.0
2848.398154630367,55.828072829878906,2449.976697390627,2215.440974876811,1430.0,1430.0,2808.0,52.0,20722.0,0.0,64.0,0.0
3835.0,122.34176,3987.6714471968708,2116.472021537452,1500.0,4396.0,5844.0,52.0,11636.0,0.0,64.0,0.0
7.3102908736399055,0.003181438588208087,54.4,17.937823648407836,40.0,40.0,76.0,40.0,76.0,0.0,125.0,0.0
3260.5692373530974,111.54284236306769,4276.202797859356,2397.3953159295606,2948.0,2948.0,4396.0,52.0,26116.0,0.0,64.0,0.0
1587.9932966804665,0.6984784924906972,54.98122173679773,21.767510144219518,52.0,52.0,52.0,52.0,404.0,0.0,64.0,0.0
326.0,0.606784,232.66257668711657,104.77793196067404,152.0,232.0,320.0,52.0,404.0,0.0,64.0,0.0
2382.2337742309646,50.88710810494982,2670.1361478145263,2419.1038624475636,1430.0,1430.0,2808.0,52.0,22100.0,0.0,64.0,0.0
2125.0,0.917472,53.96894117647059,15.284649286845534,52.0,52.0,52.0,52.0,232.0,0.0,64.0,0.0
1386.6265962901489,0.6253440914793797,56.37279109174534,62.38816573247856,52.0,52.0,52.0,52.0,4532.0,0.0,64.0,0.0
517.0,0.222432,53.77949709864603,13.94082612616388,52.0,52.0,52.0,52.0,232.0,0.0,64.0,0.0
38.0,0.075168,247.26315789473685,61.65890664078108,224.0,224.0,296.0,152.0,396.0,0.0,64.0,0.0
1815.1049153329873,55.41103744606226,3815.966571545047,2088.2636194579927,2948.0,2948.0,4396.0,52.0,23220.0,0.0,64.0,0.0
15.0,0.082768,689.7333333333333,1188.606775458842,46.0,91.0,974.0,40.0,4442.0,2.0,111.0,0.0
1022.1897473387614,0.4547670468412542,55.611867564855956,24.566391442344834,52.0,52.0,52.0,52.0,404.0,0.0,64.0,0.0
950.6111621171111,0.43011414859518154,56.55758181363977,28.91571908051082,52.0,52.0,52.0,52.0,404.0,0.0,64.0,0.0
1732.9266025904556,0.7555639404824345,54.50057285699406,18.460583704570865,52.0,52.0,52.0,52.0,404.0,0.0,64.0,0.0
4318.730973899643,142.8559653667817,4134.778428840998,1728.4478103208826,2948.0,4396.0,4396.0,52.0,15980.0,0.0,64.0,0.0
2.057137507569699,0.001579881605813529,96.0,0.0,96.0,96.0,96.0,96.0,96.0,0.0,64.0,0.0
6867.0,274.68,5000.0,0.0,5000.0,5000.0,5000.0,5000.0,5000.0,0.0,64.0,1.0
896.1111477994303,0.3965467757266224,55.31495405179616,23.316895411610847,52.0,52.0,52.0,52.0,404.0,0.0,64.0,0.0
4669.109311339178,133.5871587471303,3576.355516637478,2299.5351104851065,1500.0,2948.0,4396.0,52.0,20324.0,0.0,64.0,0.0
5.0,0.012512,312.8,64.39875775199395,296.0,320.0,320.0,224.0,404.0,0.0,64.0,0.0
1917.8722861316928,0.8221263869906056,53.58323341806148,21.534680409865796,52.0,52.0,52.0,52.0,2068.0,0.0,64.0,0.0
1144.0,0.491552,53.70979020979021,14.241009208024414,52.0,52.0,52.0,52.0,232.0,0.0,64.0,0.0
2149.709599306952,66.00868669818115,3838.232773362841,2415.655076043501,2948.0,2948.0,4396.0,52.0,23220.0,0.0,64.0,0.0
2.04270445548486,0.0015687970218123725,96.0,0.0,96.0,96.0,96.0,96.0,96.0,0.0,64.0,0.0
2.0,0.001792,112.0,84.8528137423857,82.0,112.0,142.0,52.0,172.0,0.0,64.0,0.0
1014.0,27.576768,3399.5029585798816,1028.5470394351555,2948.0,2948.0,4396.0,52.0,7292.0,0.0,64.0,0.0
2939.61572320889,60.4676817569667,2571.2409142273905,2202.025460537272,1430.0,1430.0,2808.0,52.0,22100.0,0.0,64.0,0.0
6751.6,270.06399999999996,5000.0,0.0,5000.0,5000.0,5000.0,5000.0,5000.0,0.0,64.0,1.0
6217.4,248.696,5000.0,0.0,5000.0,5000.0,5000.0,5000.0,5000.0,0.0,64.0,1.0
2041.573339516648,41.64212537624628,2549.6344271732873,2075.9805817410243,1430.0,1430.0,2808.0,52.0,13832.0,0.0,64.0,0.0
4867.877110211881,179.72076291634653,4614.967645221736,2613.1565364584453,2948.0,4396.0,5844.0,52.0,26116.0,0.0,64.0,0.0
3.0,0.004864,202.66666666666666,130.49648781991542,164.0,276.0,278.0,52.0,280.0,0.0,64.0,0.0
335.0,0.612544,228.56119402985075,107.66601851782299,152.0,232.0,320.0,52.0,420.0,0.0,64.0,0.0
436.0,0.187424,53.73394495412844,15.04637563680568,52.0,52.0,52.0,52.0,232.0,0.0,64.0,0.0
15.0,0.031872,265.6,78.23481139675428,236.0,260.0,286.0,52.0,388.0,0.0,64.0,0.0
11.66950734392019,0.02062450774876233,220.92307692307693,92.35839363313941,236.0,244.0,276.0,52.0,372.0,0.0,64.0,0.0
6830.0,273.2,5000.0,0.0,5000.0,5000.0,5000.0,5000.0,5000.0,0.0,64.0,1.0
151.26064094381894,1.7889905926839633,1478.4006116207952,765.123103531652,1430.0,1430.0,1430.0,52.0,6942.0,0.46257076741229036,63.98776758409786,0.0
6143.6,245.744,5000.0,0.0,5000.0,5000.0,5000.0,5000.0,5000.0,0.0,64.0,1.0
2541.844268251352,1.1071143923939222,54.44444444444444,18.182773032044434,52.0,52.0,52.0,52.0,404.0,0.0,64.0,0.0
6487.0,259.48,5000.0,0.0,5000.0,5000.0,5000.0,5000.0,5000.0,0.0,64.0,1.0
2465.1528063869546,1.0594478973614918,53.72120820545954,25.549631150300726,52.0,52.0,52.0,52.0,1924.0,0.0,64.0,0.0
6283.0,251.32,5000.0,0.0,5000.0,5000.0,5000.0,5000.0,5000.0,0.0,64.0,1.0
2.0,0.002336,146.0,132.93607486307093,99.0,146.0,193.0,52.0,240.0,0.0,64.0,0.0
2564.0,57.802592,2817.9890795631827,2037.0476122368352,1500.0,2948.0,2948.0,52.0,18876.0,0.0,64.0,0.0
6537.0,261.48,5000.0,0.0,5000.0,5000.0,5000.0,5000.0,5000.0,0.0,64.0,1.0
917.924148738719,0.40293059319983654,54.86981056025796,21.299516446413126,52.0,52.0,52.0,52.0,404.0,0.0,64.0,0.0
2368.4819384715006,1.013471857419988,53.48741745493486,20.461763790260164,52.0,52.0,52.0,52.0,1960.0,0.0,64.0,0.0
557.3926023449407,0.2666543574385613,59.7994923857868,38.58514098074632,52.0,52.0,52.0,52.0,404.0,0.0,64.0,0.0
15.0,0.016408,136.73333333333332,171.32111314582275,52.0,68.0,136.0,52.0,700.0,1.0,52.0,0.0
7.0,0.005376,96.0,62.22539674441618,52.0,96.0,96.0,52.0,228.0,0.0,64.0,0.0
6355.8,254.23200000000003,5000.0,0.0,5000.0,5000.0,5000.0,5000.0,5000.0,0.0,64.0,1.0
795.3738227937106,0.3560799234514807,55.96109546966982,25.99993149835096,52.0,52.0,52.0,52.0,404.0,0.0,64.0,0.0
4920.731767662261,165.83366517156767,4212.6271305159935,2310.1854501100465,2948.0,2948.0,4396.0,52.0,20324.0,0.0,64.0,0.0
2.1026890605289537,0.0016148651984862364,96.0,0.0,96.0,96.0,96.0,96.0,96.0,0.0,64.0,0.0
3053.796513778656,61.86618204640802,2532.3471033216074,2294.686112592854,1430.0,1430.0,2808.0,52.0,23478.0,0.0,64.0,0.0
2.0,0.001792,112.0,84.8528137423857,82.0,112.0,142.0,52.0,172.0,0.0,64.0,0.0
9.277325506746111,0.019785243351677386,266.5806451612903,80.22999197870597,224.0,296.0,320.0,152.0,420.0,0.0,64.0,0.0
2.017682384560792,0.0015495800713426883,96.0,0.0,96.0,96.0,96.0,96.0,96.0,0.0,64.0,0.0
2.1018230389603,0.0016142000939215104,96.0,0.0,96.0,96.0,96.0,96.0,96.0,0.0,64.0,0.0
4046.0,128.293024,3963.5758774097876,1612.6950398391473,2948.0,4396.0,4396.0,52.0,15980.0,0.0,64.0,0.0
6493.0,259.71999999999997,5000.0,0.0,5000.0,5000.0,5000.0,5000.0,5000.0,0.0,64.0,1.0
12.0,0.016176,168.5,130.1031059653004,40.0,172.5,293.0,40.0,293.0,2.0,52.0,0.0
101.09701641049206,0.1946214155408097,240.63694267515925,100.63416507528277,152.0,296.0,320.0,52.0,420.0,0.0,64.0,0.0
2635.6421293810577,55.0650105853793,2611.5557368134855,2198.524137518457,1430.0,1430.0,2808.0,52.0,13832.0,0.13029028273177407,63.99990113203816,0.0
2731.5974000510914,54.708132688637484,2503.4862699575633,2212.810960628885,1430.0,1430.0,2808.0,52.0,23478.0,0.0,64.0,0.0
2.11594979083737,0.0016250494393631,96.0,0.0,96.0,96.0,96.0,96.0,96.0,0.0,64.0,0.0
6871.0,274.84000000000003,5000.0,0.0,5000.0,5000.0,5000.0,5000.0,5000.0,0.0,64.0,1.0
1761.1295420293693,0.7582632556689107,53.81938392186326,15.084108941929541,52.0,52.0,52.0,52.0,244.0,0.0,64.0,0.0
33.0,0.041952,158.9090909090909,187.9087816661923,40.0,78.0,198.0,40.0,693.0,0.0,127.66666666666667,0.0
3386.379628806458,98.42477440715301,3633.1120989026253,1891.0986870475883,2948.0,2948.0,4396.0,52.0,17428.0,0.0,64.0,0.0
2.0457972467008427,0.0015711722854662472,96.0,0.0,96.0,96.0,96.0,96.0,96.0,0.0,64.0,0.0
421.8642848544821,0.18123834018361268,53.70161290322581,13.976303084089809,52.0,52.0,52.0,52.0,232.0,0.0,64.0,0.0
6991.0,279.64,5000.0,0.0,5000.0,5000.0,5000.0,5000.0,5000.0,0.0,64.0,1.0
1329.0,40.191072,3780.198645598194,1592.9691634463409,2948.0,2948.0,4396.0,52.0,10188.0,0.0,64.0,0.0
2570.728379991963,1.1208302129653147,54.49964209019327,18.765036922335764,52.0,52.0,52.0,52.0,404.0,0.0,64.0,0.0
4105.0,139.140384,4236.91790499391,1981.2272190986484,2948.0,4396.0,4396.0,52.0,18876.0,0.0,64.0,0.0
3818.5450667702876,78.30048622715613,2563.1649246640422,2107.4979818494235,1430.0,1430.0,2808.0,52.0,12454.0,0.0,64.0,0.0
3901.395144375987,112.59525537153365,3607.5317676371524,1839.064022382787,2948.0,2948.0,4396.0,52.0,17428.0,0.0,64.0,0.0
660.0,7.737936,1465.5181818181818,754.0368815839173,1430.0,1430.0,1430.0,52.0,4186.0,2.0,63.987878787878785,0.0
2.466942484717121,0.0018946118282627492,96.0,0.0,96.0,96.0,96.0,96.0,96.0,0.0,64.0,0.0
2239.2594079046435,0.975738951744556,54.46772648917832,18.557634216755073,52.0,52.0,52.0,52.0,320.0,0.0,64.0,0.0
910.0,33.8352,4647.692307692308,2332.188560725536,2948.0,4396.0,5844.0,52.0,14532.0,0.0,64.0,0.0
2554.7949133593766,1.1005417023308004,53.84687125842838,14.764703329349503,52.0,52.0,52.0,52.0,244.0,0.0,64.0,0.0
2496.231850142901,1.0696416659064243,53.56281638288081,19.088687884937322,52.0,52.0,52.0,52.0,1924.0,0.0,64.0,0.0
221.9317720711065,2.785270757273335,1568.7652173913043,2663.0932825090435,244.0,280.0,372.0,52.0,10188.0,0.0,64.0,0.0
8.0,0.005792,90.5,59.67291800186365,52.0,74.0,96.0,52.0,228.0,0.0,64.0,0.0
161.98337114288566,0.09855744059182102,76.05521472392638,120.0787936548405,52.0,52.0,52.0,52.0,1332.0,0.9937630131465377,64.0,0.0
832.0,27.282944,4099.0,753.1747231939235,4396.0,4396.0,4396.0,52.0,4396.0,0.0,64.0,0.0
2.0,0.002272,142.0,127.27922061357856,97.0,142.0,187.0,52.0,232.0,0.0,64.0,0.0
6069.6,242.78400000000002,5000.0,0.0,5000.0,5000.0,5000.0,5000.0,5000.0,0.0,64.0,1.0
309.0,0.608864,246.3042071197411,97.21136772368861,208.0,296.0,320.0,52.0,420.0,0.0,64.0,0.0
918.0,25.115872,3419.917211328976,1178.6006201041937,2948.0,2948.0,4396.0,52.0,8740.0,0.0,64.0,0.0
6152.6,246.10399999999998,5000.0,0.0,5000.0,5000.0,5000.0,5000.0,5000.0,0.0,64.0,1.0
6567.4,262.696,5000.0,0.0,5000.0,5000.0,5000.0,5000.0,5000.0,0.0,64.0,1.0
167.96868338117062,0.09932548143939891,73.91666666666667,114.4335515025956,52.0,52.0,52.0,52.0,1332.0,0.9331593521176146,64.0,0.0
2302.0,70.16864,3810.199826238054,1770.1905676623937,2948.0,2948.0,4396.0,52.0,14532.0,0.0,64.0,0.0
500.0,0.217024,54.256,16.261344552444196,52.0,52.0,52.0,52.0,232.0,0.0,64.0,0.0
2.03432528041432,0.001562361815358198,96.0,0.0,96.0,96.0,96.0,96.0,96.0,0.0,64.0,0.0
3.0,0.008352,348.0,48.49742261192856,320.0,320.0,362.0,320.0,404.0,0.0,64.0,0.0
23.0,0.017664,96.0,0.0,96.0,96.0,96.0,96.0,96.0,0.0,64.0,0.0
6.012341195373301,0.0033499350472103472,69.6470588235294,29.156777034830572,52.0,52.0,88.0,52.0,148.0,0.0,63.705882352941174,0.0
4.0,0.0648,2025.0,2009.2569107342479,541.0,1826.0,3310.0,52.0,4396.0,0.0,64.0,0.0
1834.7320900546622,0.7875125298760794,53.65310105388582,21.4946565876484,52.0,52.0,52.0,52.0,1456.0,0.0,64.0,0.0
1756.367186635093,0.7892805245985448,56.17280163599182,20.958109648572258,52.0,52.0,52.0,52.0,1430.0,0.0,64.0,0.0
2358.9829037469613,1.0049507147876984,53.25127161749746,9.898626616646425,52.0,52.0,52.0,52.0,232.0,0.0,64.0,0.0
21.0,0.037184,221.33333333333334,102.48381986115338,236.0,252.0,276.0,52.0,372.0,0.0,64.0,0.0
6758.4,270.336,5000.0,0.0,5000.0,5000.0,5000.0,5000.0,5000.0,0.0,64.0,1.0
2080.593282567523,0.9064797000466611,54.460409660654236,18.479013911730743,52.0,52.0,52.0,52.0,404.0,0.0,64.0,0.0
2401.5710514431375,1.0255056918839887,53.376814068635824,15.67322124527298,52.0,52.0,52.0,52.0,1708.0,0.0,64.0,0.0
866.8465409415148,0.3856020066064163,55.60413354531001,25.256747344592778,52.0,52.0,52.0,52.0,404.0,0.0,64.0,0.0
2072.585137437325,0.8905338109202916,53.709121210178836,22.00213857911549,52.0,52.0,52.0,52.0,1960.0,0.0,64.0,0.0
6022.4,240.89600000000002,5000.0,0.0,5000.0,5000.0,5000.0,5000.0,5000.0,0.0,64.0,1.0
6828.6,273.144,5000.0,0.0,5000.0,5000.0,5000.0,5000.0,5000.0,0.0,64.0,1.0
2.132908613294566,0.0016380738150102263,96.0,0.0,96.0,96.0,96.0,96.0,96.0,0.0,64.0,0.0
517.3339330268285,10.802803317214616,2610.2104046242775,2161.5120208978956,1430.0,1430.0,2808.0,52.0,11076.0,0.0,64.0,0.0
1801.0206492856796,0.7736411596479436,53.69463420330472,28.86286515958394,52.0,52.0,52.0,52.0,1996.0,0.0,64.0,0.0
36.0,0.042048,146.0,229.01765371753706,40.0,46.0,128.5,40.0,866.0,3.0,127.66666666666667,0.0
3236.227271109586,62.466462216589875,2412.7810326487192,2044.2607654222213,1430.0,1430.0,2808.0,52.0,22100.0,0.0,64.0,0.0
6028.6,241.144,5000.0,0.0,5000.0,5000.0,5000.0,5000.0,5000.0,0.0,64.0,1.0
211.22325096561823,2.5699366814339943,1520.8651685393259,2323.102988948666,244.0,280.0,928.0,52.0,8740.0,0.0,64.0,0.0
1842.8499517442524,0.7947669272926793,53.90881976991905,30.77697070934842,52.0,52.0,52.0,52.0,2032.0,0.0,64.0,0.0
1760.6391450255624,57.63428115641349,4091.857871561233,2168.4283790772374,2948.0,2948.0,4396.0,52.0,20324.0,0.0,64.0,0.0
6228.2,249.12800000000001,5000.0,0.0,5000.0,5000.0,5000.0,5000.0,5000.0,0.0,64.0,1.0
6894.6,275.784,5000.0,0.0,5000.0,5000.0,5000.0,5000.0,5000.0,0.0,64.0,1.0
3152.4038666746997,63.91451703257594,2534.356309332753,2107.4729330868277,1430.0,1430.0,2808.0,52.0,20722.0,0.08574936394403883,63.99994559747572,0.0
6.0,0.008088,168.5,136.4532887108259,43.0,172.5,293.0,40.0,293.0,1.0,53.0,0.0
2596.7839973364607,1.1255001245462257,54.17759648572325,16.096143580483904,52.0,52.0,52.0,52.0,232.0,0.0,64.0,0.0
3002.585938685083,61.04573045046044,2541.3814832055273,2298.4686227249485,1430.0,1430.0,2808.0,52.0,22100.0,0.0,64.0,0.0
6504.0,260.15999999999997,5000.0,0.0,5000.0,5000.0,5000.0,5000.0,5000.0,0.0,64.0,1.0
2.0,0.001792,112.0,84.8528137423857,82.0,112.0,142.0,52.0,172.0,0.0,64.0,0.0
2.0,0.000832,52.0,0.0,52.0,52.0,52.0,52.0,52.0,0.0,64.0,0.0
6467.4,258.696,5000.0,0.0,5000.0,5000.0,5000.0,5000.0,5000.0,0.0,64.0,1.0
6909.4,276.37600000000003,5000.0,0.0,5000.0,5000.0,5000.0,5000.0,5000.0,0.0,64.0,1.0
2081.004727386332,0.8931790569360281,53.65071047062381,22.206178282618296,52.0,52.0,52.0,52.0,2032.0,0.0,64.0,0.0
10.288448139208771,0.01837105299737118,223.2,117.52884144510475,144.0,244.0,278.0,52.0,388.0,0.0,64.0,0.0
3.0,0.008352,348.0,48.49742261192856,320.0,320.0,362.0,320.0,404.0,0.0,64.0,0.0
1551.9566400681326,0.6707303707228439,54.02296312651799,21.915279533993473,52.0,52.0,52.0,52.0,1780.0,0.0,64.0,0.0
1.9999153645817285,0.0023359011458314585,146.0,108.54185060764965,52.0,146.0,240.0,52.0,240.0,0.0,64.0,0.0
106.03973980939267,1.2577718330584082,1482.6656441717791,746.9194592668141,1430.0,1430.0,1430.0,52.0,4186.0,0.3252752754889346,63.987730061349694,0.0
2.2318834087921444,0.000928463498057532,52.0,0.0,52.0,52.0,52.0,52.0,52.0,0.0,64.0,0.0
50.423989881695775,0.9198394989219699,2280.262582056893,1984.423877069089,1430.0,1430.0,2808.0,52.0,11076.0,0.0,63.99562363238512,0.0
86.52585621877336,0.17070501774036084,246.60983606557377,96.32924916679683,208.0,296.0,320.0,52.0,420.0,0.0,64.0,0.0
3059.072635411228,62.595003601305294,2557.7605969827973,2205.623780293624,1430.0,1430.0,2808.0,52.0,20722.0,0.0,64.0,0.0
3936.843863842645,146.1976672443103,4641.969312875251,3126.156060428535,2948.0,4396.0,5844.0,52.0,31908.0,0.0,64.0,0.0
156.38985474529164,0.09342406357267008,74.67241379310344,116.32698402125347,52.0,52.0,52.0,52.0,1332.0,0.8987922686511014,64.0,0.0
8.0,0.027448,428.875,838.8584824458942,71.5,86.5,209.0,40.0,2470.0,1.0,107.0,0.0
2.0402337166538222,0.0015668994943901357,96.0,0.0,96.0,96.0,96.0,96.0,96.0,0.0,64.0,0.0
1875.0140114332307,0.8146219473705975,54.30772399588054,17.871863185963598,52.0,52.0,52.0,52.0,404.0,0.0,64.0,0.0
2177.009657852007,0.9575434490226147,54.9804318488529,21.791648530762544,52.0,52.0,52.0,52.0,404.0,0.0,64.0,0.0
2306.1976393744676,0.984653161970764,53.369946766457595,15.352833116258022,52.0,52.0,52.0,52.0,1960.0,0.0,64.0,0.0
7.026017048379439,0.015459914084357958,275.04761904761904,81.4656223142475,224.0,296.0,320.0,152.0,420.0,0.0,64.0,0.0
6217.8,248.712,5000.0,0.0,5000.0,5000.0,5000.0,5000.0,5000.0,0.0,64.0,1.0
2.0632790616286676,0.0015845983193308168,96.0,0.0,96.0,96.0,96.0,96.0,96.0,0.0,64.0,0.0
301.0,0.596032,247.52159468438538,94.88173532762687,208.0,296.0,320.0,52.0,404.0,0.0,64.0,0.0
899.4207857437161,0.42151071832085546,58.5808562857922,80.34501227395874,52.0,52.0,52.0,52.0,4532.0,0.0,64.0,0.0
6386.4,255.456,5000.0,0.0,5000.0,5000.0,5000.0,5000.0,5000.0,0.0,64.0,1.0
5384.6149430988335,157.65697567839518,3659.8943783449067,2327.7022533107447,1500.0,2948.0,4396.0,168.0,23220.0,0.0,64.0,0.0
3.0,0.004864,202.66666666666666,130.49648781991542,164.0,276.0,278.0,52.0,280.0,0.0,64.0,0.0
3657.355821674841,112.55073078630508,3846.7248018120044,2753.0007640467784,1500.0,2948.0,4396.0,52.0,23220.0,0.0,64.0,0.0
2125.0407035136063,67.54738124528805,3973.299260433175,1736.3203427209235,2948.0,4396.0,4396.0,52.0,18876.0,0.0,64.0,0.0
6765.4,270.616,5000.0,0.0,5000.0,5000.0,5000.0,5000.0,5000.0,0.0,64.0,1.0
2567.380040613609,1.0914852750876167,53.141980239646834,6.617078144448752,52.0,52.0,52.0,52.0,160.0,0.0,64.0,0.0
2.0,0.001328,83.0,0.0,83.0,83.0,83.0,83.0,83.0,0.0,128.0,0.0
21.0,0.047808,284.57142857142856,87.34561891049339,224.0,296.0,320.0,152.0,420.0,0.0,64.0,0.0
196.18888462227852,2.60252063914938,1658.1728395061727,3336.3879498759375,244.0,276.0,348.0,52.0,13084.0,0.0,64.0,0.0
3986.465879490129,81.19949198339359,2546.0989269077554,2092.0791594679067,1430.0,1430.0,2808.0,52.0,13832.0,0.0,64.0,0.0
1782.302041915756,0.7881146219790063,55.27364354107173,22.801074192235426,52.0,52.0,52.0,52.0,404.0,0.0,64.0,0.0
3139.9016834669105,63.66964098828813,2534.6988300437615,2344.939268409944,1430.0,1430.0,2808.0,52.0,20722.0,0.0,64.0,0.0
2.0426783498116334,0.0015687769726553343,96.0,0.0,96.0,96.0,96.0,96.0,96.0,0.0,64.0,0.0
10.0,0.019584,244.8,75.93681584053942,236.0,244.0,288.0,52.0,340.0,0.0,64.0,0.0
2668.1866518665456,94.05464405050661,4406.299873394827,3084.208782817686,2948.0,2948.0,4396.0,52.0,39148.0,0.0,64.0,0.0
6713.0,268.52,5000.0,0.0,5000.0,5000.0,5000.0,5000.0,5000.0,0.0,64.0,1.0
2177.0446486496676,0.9455942406925878,54.29345703125,17.722554631209146,52.0,52.0,52.0,52.0,404.0,0.0,64.0,0.0
6419.8,256.79200000000003,5000.0,0.0,5000.0,5000.0,5000.0,5000.0,5000.0,0.0,64.0,1.0
5.749122279400963,0.010688060557581728,232.3846153846154,402.8514073579195,52.0,60.0,104.0,52.0,1332.0,0.4422401753385356,64.0,0.0
6113.4,244.536,5000.0,0.0,5000.0,5000.0,5000.0,5000.0,5000.0,0.0,64.0,1.0
190.79076156182566,0.3672904444232241,240.63694267515925,100.63416507528277,152.0,296.0,320.0,52.0,420.0,0.0,64.0,0.0
777.0,31.752192,5108.138996138996,2817.366475441886,2948.0,4396.0,5844.0,52.0,17428.0,0.0,64.0,0.0
2.0502171283908632,0.0015745667546041829,96.0,0.0,96.0,96.0,96.0,96.0,96.0,0.0,64.0,0.0
2603.6215324158716,1.12561435303537,54.040801390540665,15.44582896580729,52.0,52.0,52.0,52.0,244.0,0.0,64.0,0.0
907.0,24.605568,3391.0650496141125,2032.7931759540563,1500.0,4396.0,4396.0,52.0,10188.0,0.0,64.0,0.0
2337.7996274954858,1.000422560237713,53.49167591564928,14.118189127654654,52.0,52.0,52.0,52.0,1096.0,0.0,64.0,0.0
6761.2,270.448,5000.0,0.0,5000.0,5000.0,5000.0,5000.0,5000.0,0.0,64.0,1.0
1778.8020588548206,0.7624106136827137,53.57612795416567,21.98195408910868,52.0,52.0,52.0,52.0,1960.0,0.0,64.0,0.0
1344.3511848814474,0.590217170162202,54.87937013778236,21.204367730536795,52.0,52.0,52.0,52.0,404.0,0.0,64.0,0.0
6140.0,245.6,5000.0,0.0,5000.0,5000.0,5000.0,5000.0,5000.0,0.0,64.0,1.0
8.0,0.027464,429.125,839.553697338226,71.5,86.5,209.0,40.0,2472.0,1.0,107.0,0.0
1733.806628910278,0.7466361388325182,53.82925396514588,30.88127787893758,52.0,52.0,52.0,52.0,2032.0,0.0,64.0,0.0
2669.136789609707,57.40506823553052,2688.3723447124516,2584.4425905284925,1430.0,1430.0,2808.0,52.0,22100.0,0.0,64.0,0.0
210.0649881835113,2.5981029797954447,1546.0114285714285,2468.5691039694334,244.0,280.0,767.0,52.0,8740.0,0.0,64.0,0.0
2019.7937710362078,0.8672675147196555,53.673023897058826,25.525801558114477,52.0,52.0,52.0,52.0,2032.0,0.0,64.0,0.0
1567.7518676023092,30.10772739990949,2400.5494764579435,2036.2260027079817,1430.0,1430.0,2808.0,52.0,20722.0,0.0,64.0,0.0
1863.3471646950811,61.67365065096027,4137.289323984654,1923.7494646338168,2948.0,4396.0,4396.0,52.0,17428.0,0.0,64.0,0.0
94.52551860401756,1.0705838625312707,1415.733918128655,616.835764266193,1430.0,1430.0,1430.0,52.0,2808.0,0.27639040527490516,63.98830409356725,0.0
6549.2,261.96799999999996,5000.0,0.0,5000.0,5000.0,5000.0,5000.0,5000.0,0.0,64.0,1.0
12.0,0.022368,233.0,119.21104280758863,190.0,260.0,297.0,52.0,380.0,0.0,64.0,0.0
5014.0,159.657408,3980.2903869166335,2179.749071384687,2948.0,2948.0,4396.0,52.0,20324.0,0.0,64.0,0.0
6132.2,245.288,5000.0,0.0,5000.0,5000.0,5000.0,5000.0,5000.0,0.0,64.0,1.0
2525.0,1.091488,54.034059405940596,15.428186880910076,52.0,52.0,52.0,52.0,244.0,0.0,64.0,0.0
2.0745961420160794,0.0015932898370683492,96.0,0.0,96.0,96.0,96.0,96.0,96.0,0.0,64.0,0.0
6725.4,269.01599999999996,5000.0,0.0,5000.0,5000.0,5000.0,5000.0,5000.0,0.0,64.0,1.0
126.7165645790206,1.4557950965927378,1436.074183976261,659.2409577033972,1430.0,1430.0,1430.0,52.0,4186.0,0.37601354474486826,63.98813056379822,0.0
2058.7165849394855,0.8812697296593347,53.50844162488489,21.072425762293904,52.0,52.0,52.0,52.0,1924.0,0.0,64.0,0.0
18.0,0.019992,138.83333333333334,135.19452216539474,40.0,52.0,322.0,40.0,327.0,3.0,127.66666666666667,0.0
1.9822008805539137,0.0015223302762654056,96.0,0.0,96.0,96.0,96.0,96.0,96.0,0.0,64.0,0.0
6516.0,260.64,5000.0,0.0,5000.0,5000.0,5000.0,5000.0,5000.0,0.0,64.0,1.0
3518.175559119711,110.35745953780635,3920.976145282922,2548.494135123133,2948.0,2948.0,4396.0,52.0,30460.0,0.0,64.0,0.0
2581.108056987762,1.1178787431928592,54.13754085994468,16.301681911078084,52.0,52.0,52.0,52.0,320.0,0.0,64.0,0.0
2.004561086085469,0.0015395029141136401,96.0,0.0,96.0,96.0,96.0,96.0,96.0,0.0,64.0,0.0
4.0,0.007904,247.0,138.6169782770735,220.0,278.0,305.0,52.0,380.0,0.0,64.0,0.0
6190.8,247.632,5000.0,0.0,5000.0,5000.0,5000.0,5000.0,5000.0,0.0,64.0,1.0
2.054743719266113,0.001578043176396375,96.0,0.0,96.0,96.0,96.0,96.0,96.0,0.0,64.0,0.0
6429.6,257.184,5000.0,0.0,5000.0,5000.0,5000.0,5000.0,5000.0,0.0,64.0,1.0
343.0,4.319744,1574.2507288629738,2737.7004941064597,244.0,280.0,372.0,52.0,8740.0,0.0,64.0,0.0
2031.7509175488767,0.9048852089344749,55.67151472153246,25.39022273531532,52.0,52.0,52.0,52.0,404.0,0.0,64.0,0.0
3.0,0.001248,52.0,0.0,52.0,52.0,52.0,52.0,52.0,3.0,127.66666666666667,0.0
1960.5452352601558,0.8431166880863298,53.75524324324324,29.007613748636143,52.0,52.0,52.0,52.0,1924.0,0.0,64.0,0.0
1075.1440625213552,0.47084899865433877,54.74254742547426,20.282324190273563,52.0,52.0,52.0,52.0,404.0,0.0,64.0,0.0
3939.9793039726305,102.9131005112863,3265.026684515841,1680.4443309207165,1500.0,2948.0,4396.0,52.0,15980.0,0.0,64.0,0.0
672.0,0.313888,58.38690476190476,36.52627832926647,52.0,52.0,52.0,52.0,404.0,0.0,64.0,0.0
1957.1932806139243,0.858100254659057,54.80426123205188,20.96350049866715,52.0,52.0,52.0,52.0,404.0,0.0,64.0,0.0
5238.868749293934,155.71078160795926,3715.276834071886,2334.9868057641793,2948.0,2948.0,4396.0,52.0,26116.0,0.0,64.0,0.0
3.0,0.008352,348.0,48.49742261192856,320.0,320.0,362.0,320.0,404.0,0.0,64.0,0.0
824.2358436766582,20.1431603923841,3054.823529411765,751.2177571246225,2948.0,2948.0,2948.0,52.0,5844.0,0.0,64.0,0.0
2.0341873063801565,0.0015622558512999602,96.0,0.0,96.0,96.0,96.0,96.0,96.0,0.0,64.0,0.0
6779.6,271.184,5000.0,0.0,5000.0,5000.0,5000.0,5000.0,5000.0,0.0,64.0,1.0
2.595081271928092,0.0019930224168407747,96.0,0.0,96.0,96.0,96.0,96.0,96.0,0.0,64.0,0.0
2.0,0.00224,140.0,124.45079348883236,96.0,140.0,184.0,52.0,228.0,0.0,64.0,0.0
9.0,0.020032,278.22222222222223,46.091696046516276,224.0,296.0,320.0,208.0,320.0,0.0,64.0,0.0
2787.153649963758,57.42997778788885,2575.6553549100004,2414.4494958556816,1430.0,1430.0,2808.0,52.0,22100.0,0.0,64.0,0.0
19.378744637715897,0.04088915118558054,263.75,82.3395801034527,224.0,260.0,320.0,152.0,420.0,0.0,64.0,0.0
5375.222931731288,148.4682070967919,3452.6058031088082,2100.2483067596168,1500.0,2948.0,4396.0,52.0,20324.0,0.0,64.0,0.0
1728.5281431997096,0.7415849463602415,53.628353498158866,16.23049016788336,52.0,52.0,52.0,52.0,1332.0,0.15154551492194543,64.0,0.0
6139.0,245.56,5000.0,0.0,5000.0,5000.0,5000.0,5000.0,5000.0,0.0,64.0,1.0
362.0,0.213328,73.66298342541437,113.98703435013468,52.0,52.0,52.0,52.0,1332.0,2.0,64.0,0.0
2966.1133679605205,64.34456667054376,2711.653209448407,2621.385662167768,1430.0,1430.0,4070.0,52.0,20722.0,0.0,64.0,0.0
1276.063619977419,0.565612927112928,55.406027397260274,62.683622872574524,52.0,52.0,52.0,52.0,2808.0,0.0,64.0,0.0
2.083903977359692,0.0016004382546122436,96.0,0.0,96.0,96.0,96.0,96.0,96.0,0.0,64.0,0.0
191.80585116658995,0.37110005911862076,241.84615384615384,99.81011900875667,152.0,296.0,320.0,52.0,420.0,0.0,64.0,0.0
2.6670281236542097,0.002048277598966433,96.0,0.0,96.0,96.0,96.0,96.0,96.0,0.0,64.0,0.0
4050.8691650789087,133.23173686676745,4111.208343116537,2301.586200846551,2948.0,2948.0,4396.0,52.0,23220.0,0.0,64.0,0.0
6615.4,264.616,5000.0,0.0,5000.0,5000.0,5000.0,5000.0,5000.0,0.0,64.0,1.0
2.0942547730795793,0.001608387665725117,96.0,0.0,96.0,96.0,96.0,96.0,96.0,0.0,64.0,0.0
17.0,0.055216,406.0,669.0243829637302,78.0,91.0,509.0,40.0,2470.0,2.0,106.0,0.0
6811.8,272.472,5000.0,0.0,5000.0,5000.0,5000.0,5000.0,5000.0,0.0,64.0,1.0
2.0,0.002624,164.0,158.39191898578665,108.0,164.0,220.0,52.0,276.0,0.0,64.0,0.0
16.0,0.036672,286.5,89.35770811743103,224.0,308.0,335.0,152.0,420.0,0.0,64.0,0.0
2377.5341899364917,1.0194120155204538,53.59607549679887,19.03323162524964,52.0,52.0,52.0,52.0,1430.0,0.0,64.0,0.0
2579.377189623684,1.1099942138520191,53.79177473138199,23.20897963496636,52.0,52.0,52.0,52.0,1924.0,0.0,64.0,0.0
1777.2613522038685,0.7635474593506721,53.70253075074226,20.090548381779,52.0,52.0,52.0,52.0,1996.0,0.0,64.0,0.0
1997.0471800136554,0.858272505465936,53.72134632418069,10.364692181513501,52.0,52.0,52.0,52.0,268.0,0.0,64.0,0.0
186.75420487717417,0.3735183368881624,250.00664451827242,93.63966372413924,208.0,296.0,320.0,52.0,420.0,0.0,64.0,0.0
2.0,0.001152,72.0,0.0,72.0,72.0,72.0,72.0,72.0,0.0,64.0,0.0
5142.896693513225,163.69449571926523,3978.655062373078,2139.8277421935695,2948.0,2948.0,4396.0,168.0,23220.0,0.0,64.0,0.0
2982.1580548533097,61.12962529852909,2562.30656516695,2117.7466046672585,1430.0,1430.0,2808.0,52.0,13832.0,0.0,64.0,0.0
6606.2,264.248,5000.0,0.0,5000.0,5000.0,5000.0,5000.0,5000.0,0.0,64.0,1.0
2.0,0.001136,71.0,0.0,71.0,71.0,71.0,71.0,71.0,0.0,64.0,0.0
171.09257266477883,0.10099024255826344,73.78333333333333,114.45212094507825,52.0,52.0,52.0,52.0,1332.0,0.9505142925821045,64.0,0.0
2.1797666060972256,0.0016740607534826693,96.0,0.0,96.0,96.0,96.0,96.0,96.0,0.0,64.0,0.0
2.0,0.001792,112.0,84.8528137423857,82.0,112.0,142.0,52.0,172.0,0.0,64.0,0.0
2314.718710211155,0.9871101091239014,53.30615901455767,10.33799843344994,52.0,52.0,52.0,52.0,232.0,0.0,64.0,0.0
2493.7463071871002,1.0642125085898495,53.34406438631791,11.2239710802099,52.0,52.0,52.0,52.0,376.0,0.0,64.0,0.0
1092.9788407565131,31.009255354031435,3546.4153327716936,2189.622289671659,2948.0,2948.0,4396.0,52.0,26116.0,0.0,64.0,0.0
972.0,31.47072,4047.1604938271603,1861.7436217269972,1500.0,4396.0,5844.0,52.0,8740.0,0.0,64.0,0.0
383.0,4.38752,1431.9582245430809,1926.2549287688437,244.0,292.0,2948.0,52.0,7292.0,0.0,64.0,0.0
2.0,0.001792,112.0,84.8528137423857,82.0,112.0,142.0,52.0,172.0,0.0,64.0,0.0
1418.7118319132596,0.62010085077304,54.63590604026846,20.230805481524428,52.0,52.0,52.0,52.0,404.0,0.0,64.0,0.0
2159.7880682248515,66.50818465347378,3849.230951867041,2036.6759316202483,2948.0,2948.0,4396.0,52.0,20324.0,0.0,64.0,0.0
4925.756546194786,158.21016088824112,4014.869579030977,2088.9253029793426,2948.0,2948.0,4396.0,52.0,18876.0,0.0,64.0,0.0
95.59281913164706,1.220256802784542,1595.6439169139467,2891.4955047137546,244.0,280.0,372.0,52.0,11636.0,0.0,64.0,0.0
1158.0,0.550624,59.43696027633852,38.90960756702679,52.0,52.0,52.0,52.0,404.0,0.0,64.0,0.0
6556.6,262.264,5000.0,0.0,5000.0,5000.0,5000.0,5000.0,5000.0,0.0,64.0,1.0
2721.5472903696577,59.470848290520095,2731.481485778371,2643.5181157208913,1430.0,1430.0,2808.0,52.0,22100.0,0.0,64.0,0.0
6869.4,274.776,5000.0,0.0,5000.0,5000.0,5000.0,5000.0,5000.0,0.0,64.0,1.0
2.026843850142577,0.0015566160769094994,96.0,0.0,96.0,96.0,96.0,96.0,96.0,0.0,64.0,0.0
1483.4493405552141,0.6503868609029095,54.80359550561798,20.935280841743182,52.0,52.0,52.0,52.0,404.0,0.0,64.0,0.0
1567.66055980509,0.6756081204773088,53.87072764665557,25.994016331065385,52.0,52.0,52.0,52.0,1852.0,0.0,64.0,0.0
6879.0,275.15999999999997,5000.0,0.0,5000.0,5000.0,5000.0,5000.0,5000.0,0.0,64.0,1.0
2.0,0.001536,96.0,0.0,96.0,96.0,96.0,96.0,96.0,0.0,64.0,0.0
5054.396722636088,153.71287377685402,3801.464403468067,2093.0153059929867,2948.0,2948.0,4396.0,52.0,23220.0,0.0,64.0,0.0
8.0,0.034448,538.25,1291.5275286043488,49.0,84.5,122.5,40.0,3733.0,1.0,114.0,0.0
2.0,0.0012,75.0,0.0,75.0,75.0,75.0,75.0,75.0,0.0,128.0,0.0
5098.561741212932,153.10276003143258,3753.5771802532367,1947.2393626808428,2948.0,2948.0,4396.0,52.0,18876.0,0.0,64.0,0.0
1907.0784745096694,0.8167948227109811,53.53704852922924,10.282732812820592,52.0,52.0,52.0,52.0,160.0,0.0,64.0,0.0
2992.1840799256493,61.28956634901511,2560.402565144741,2285.672620292594,1430.0,1430.0,2808.0,52.0,22100.0,0.0,64.0,0.0
6438.8,257.552,5000.0,0.0,5000.0,5000.0,5000.0,5000.0,5000.0,0.0,64.0,1.0
2.0398231828648683,0.0015665842044402189,96.0,0.0,96.0,96.0,96.0,96.0,96.0,0.0,64.0,0.0
6558.2,262.32800000000003,5000.0,0.0,5000.0,5000.0,5000.0,5000.0,5000.0,0.0,64.0,1.0
2.0,0.001584,99.0,0.0,99.0,99.0,99.0,99.0,99.0,0.0,64.0,0.0
3529.9081037693013,75.98992371541,2690.931374186008,2297.606116145026,1430.0,1430.0,2808.0,52.0,15210.0,0.0,64.0,0.0
2.0,0.001232,77.0,0.0,77.0,77.0,77.0,77.0,77.0,0.0,128.0,0.0
1948.8578336408837,0.8350716963072512,53.56160938809723,12.591167045598066,52.0,52.0,52.0,52.0,1332.0,0.041886599902011386,64.0,0.0
1401.215796133285,0.634036625323484,56.56129368805425,28.55147645302812,52.0,52.0,52.0,52.0,404.0,0.0,64.0,0.0
6342.6,253.704,5000.0,0.0,5000.0,5000.0,5000.0,5000.0,5000.0,0.0,64.0,1.0
2071.279868460544,0.8868570790485039,53.5210796807755,19.971267401330696,52.0,52.0,52.0,52.0,1924.0,0.0,64.0,0.0
6367.2,254.68800000000002,5000.0,0.0,5000.0,5000.0,5000.0,5000.0,5000.0,0.0,64.0,1.0
258.0,0.10992,53.25581395348837,6.6183086108140765,52.0,52.0,52.0,52.0,88.0,0.0,64.0,0.0
6596.2,263.848,5000.0,0.0,5000.0,5000.0,5000.0,5000.0,5000.0,0.0,64.0,1.0
6858.4,274.336,5000.0,0.0,5000.0,5000.0,5000.0,5000.0,5000.0,0.0,64.0,1.0
8.80781688262321,0.005054848050922617,71.73809523809524,70.313257093614,40.0,56.0,76.0,40.0,492.0,0.20970992577674313,102.71428571428571,0.0
2915.8813859826396,57.32603652105186,2457.491789473684,1994.178695987199,1430.0,1430.0,2808.0,52.0,20722.0,0.0,64.0,0.0
1822.3260371017095,0.8070794440708222,55.360527400082404,23.54886962002957,52.0,52.0,52.0,52.0,404.0,0.0,64.0,0.0
6566.2,262.648,5000.0,0.0,5000.0,5000.0,5000.0,5000.0,5000.0,0.0,64.0,1.0
6300.8,252.032,5000.0,0.0,5000.0,5000.0,5000.0,5000.0,5000.0,0.0,64.0,1.0
2.0268403997627766,0.0015566134270178123,96.0,0.0,96.0,96.0,96.0,96.0,96.0,0.0,64.0,0.0
7.351490369756214,0.01151243391903823,195.75,366.69237168851146,52.0,56.0,112.0,52.0,1332.0,0.6126241974796844,64.0,0.0
1453.1793981347703,29.959112208950096,2577.031460069911,2740.3867105043723,280.0,2948.0,2948.0,52.0,20324.0,0.0,64.0,0.0
6572.8,262.912,5000.0,0.0,5000.0,5000.0,5000.0,5000.0,5000.0,0.0,64.0,1.0
2750.8690723361606,87.56223311907357,3978.8440860215055,2509.6774613632383,2948.0,2948.0,4396.0,52.0,23220.0,0.0,64.0,0.0
2.0,0.003376,211.0,0.0,211.0,211.0,211.0,211.0,211.0,0.0,115.0,0.0
2181.70973015762,0.9324148431663463,53.422255850402635,6.85124583621145,52.0,52.0,52.0,52.0,88.0,0.0,64.0,0.0
6115.8,244.632,5000.0,0.0,5000.0,5000.0,5000.0,5000.0,5000.0,0.0,64.0,1.0
2218.9133162419344,0.950944960952233,53.57042082218438,20.837686394609978,52.0,52.0,52.0,52.0,1888.0,0.0,64.0,0.0
106.16655300836763,1.2232029960360509,1440.1934523809523,655.9203182986487,1430.0,1430.0,1430.0,52.0,4186.0,0.3159718839534751,63.98809523809524,0.0
2.0354598170735305,0.0015632331395124713,96.0,0.0,96.0,96.0,96.0,96.0,96.0,0.0,64.0,0.0
2.0,0.002336,146.0,132.93607486307093,99.0,146.0,193.0,52.0,240.0,0.0,64.0,0.0
373.0,4.359328,1460.9008042895443,1993.5609150096693,244.0,280.0,2932.0,52.0,7292.0,0.0,64.0,0.0
2.0,0.007008,438.0,0.0,438.0,438.0,438.0,438.0,438.0,0.0,64.0,0.0
2.0,0.002336,146.0,132.93607486307093,99.0,146.0,193.0,52.0,240.0,0.0,64.0,0.0
2.0,0.002336,146.0,132.93607486307093,99.0,146.0,193.0,52.0,240.0,0.0,64.0,0.0
2.0168198091305776,0.0015489176134122836,96.0,0.0,96.0,96.0,96.0,96.0,96.0,0.0,64.0,0.0
2.0,0.002336,146.0,132.93607486307093,99.0,146.0,193.0,52.0,240.0,0.0,64.0,0.0
2603.6470251516016,53.528634548838674,2569.8872596661736,2481.3048480076736,1430.0,1430.0,2808.0,52.0,23478.0,0.0,64.0,0.0
5146.682297466806,132.16269494144387,3209.900264450321,1449.3882910260943,2948.0,2948.0,4396.0,168.0,10188.0,0.0,64.0,0.0
3883.191480169756,125.39583312885978,4036.4940078675327,1960.4169779849374,2948.0,2948.0,4396.0,52.0,14532.0,0.0,64.0,0.0
4975.480131749031,163.99195094969727,4120.003160681127,1981.329496294369,2948.0,4396.0,4396.0,52.0,20324.0,0.0,64.0,0.0
2.0,0.002336,146.0,132.93607486307093,99.0,146.0,193.0,52.0,240.0,0.0,64.0,0.0
157.5143927444275,1.8096188241997606,1436.074183976261,659.2409577033972,1430.0,1430.0,1430.0,52.0,4186.0,0.4674017588855416,63.98813056379822,0.0
2534.698303278667,1.0836526237386879,53.44090765836748,19.53686578331023,52.0,52.0,52.0,52.0,1960.0,0.0,64.0,0.0
1866.5440711065305,0.8026295884511239,53.75104724792986,13.965024197859819,52.0,52.0,52.0,52.0,1332.0,0.0909178797421593,64.0,0.0
1835.0,0.791904,53.94441416893733,15.829626060094295,52.0,52.0,52.0,52.0,232.0,0.0,64.0,0.0
904.6813419930834,0.40255643146674475,55.62130177514793,27.13352476371834,52.0,52.0,52.0,52.0,2068.0,0.0,64.0,0.0
6.082367587137627,0.003630963712707814,74.62068965517241,10.213484759667516,76.0,76.0,76.0,40.0,92.0,0.0,64.0,0.0
2.0000056030156967,0.0015360043031160551,96.0,0.0,96.0,96.0,96.0,96.0,96.0,0.0,64.0,0.0
1892.4768163377894,0.8228901385288176,54.352722542278386,18.672637340353887,52.0,52.0,52.0,52.0,404.0,0.0,64.0,0.0
403.0,0.175456,54.421836228287845,17.815268749024746,52.0,52.0,52.0,52.0,232.0,0.0,64.0,0.0
2.0,0.0024,150.0,138.59292911256333,101.0,150.0,199.0,52.0,248.0,0.0,64.0,0.0
1072.1266652692316,1.5463900923988132,180.29470566456868,117.37722255899283,52.0,152.0,296.0,52.0,420.0,0.0,64.0,0.0
2539.0420353669847,1.1145282546048494,54.86952554744526,20.804256881858922,52.0,52.0,52.0,52.0,404.0,0.0,64.0,0.0
6.0,0.040904,852.1666666666666,1765.7363808526645,43.0,71.5,358.75,40.0,4442.0,1.0,112.0,0.0
2957.088444196917,64.23011982984202,2715.0912562274393,2651.9449487522284,1430.0,1430.0,2808.0,52.0,20722.0,0.0,64.0,0.0
6165.8,246.632,5000.0,0.0,5000.0,5000.0,5000.0,5000.0,5000.0,0.0,64.0,1.0
1.9867236510126254,0.0015258037639776963,96.0,0.0,96.0,96.0,96.0,96.0,96.0,0.0,64.0,0.0
14.0,0.031264,279.14285714285717,63.81084685086209,226.0,296.0,320.0,152.0,404.0,0.0,64.0,0.0
184.66335553856965,0.10698933161515879,72.421875,110.9245021328891,52.0,52.0,52.0,52.0,1332.0,0.9617883100967168,64.0,0.0
3.0,0.001736,72.33333333333333,0.5773502691896257,72.0,72.0,72.5,72.0,73.0,0.0,64.0,0.0
2.022372426955444,0.0015531820239017811,96.0,0.0,96.0,96.0,96.0,96.0,96.0,0.0,64.0,0.0
2.0,0.001104,69.0,0.0,69.0,69.0,69.0,69.0,69.0,0.0,128.0,0.0
6157.4,246.296,5000.0,0.0,5000.0,5000.0,5000.0,5000.0,5000.0,0.0,64.0,1.0
6699.0,267.96,5000.0,0.0,5000.0,5000.0,5000.0,5000.0,5000.0,0.0,64.0,1.0
6028.6,241.144,5000.0,0.0,5000.0,5000.0,5000.0,5000.0,5000.0,0.0,64.0,1.0
4.159213753129248,0.002129517441602175,64.0,21.95753477358816,52.0,52.0,61.0,52.0,112.0,0.0,63.875,0.0
